Harga ,Ukuran,varian aroma,Jenis kemasan
35000,100,3,1
35000,100,5,1
35000,100,3,2
35000,100,4,1
50000,250,6,1
50000,250,3,1
35000,100,5,2
50000,250,5,1
50000,250,5,1
35000,100,3,2
50000,250,3,2
35000,100,4,2
50000,250,5,1
50000,250,6,1
35000,100,5,2
50000,250,5,2
35000,100,3,1
35000,100,5,2
35000,100,5,1
50000,250,3,1
50000,250,6,2
35000,100,4,2
50000,250,4,1
35000,100,5,2
50000,250,5,2
35000,100,6,1
35000,100,5,1
50000,250,4,2
35000,100,3,2
50000,250,5,2
35000,100,4,1
35000,100,3,2
50000,250,5,1
50000,250,6,1
35000,100,4,1
35000,100,3,2
50000,250,4,2
50000,250,6,1
50000,250,3,1
35000,100,3,1
35000,100,4,1
50000,250,6,1
50000,250,5,1
35000,100,4,1
50000,250,5,2
50000,250,6,2
35000,100,3,2
35000,100,3,1
35000,100,5,1
50000,250,6,1
35000,100,4,2
35000,100,4,2
35000,100,6,1
35000,100,4,1
50000,250,4,1
50000,250,3,1
35000,100,4,2
35000,100,5,2
35000,100,6,2
35000,100,3,2
35000,100,3,2
35000,100,6,2
35000,100,4,2
35000,100,5,2
50000,250,4,2
50000,250,3,2
35000,100,4,2
35000,100,6,2
50000,250,5,2
50000,250,3,1
50000,250,3,1
35000,100,4,1
50000,250,6,1
50000,250,5,2
50000,250,3,1
35000,100,3,1
50000,250,4,2
35000,100,6,2
35000,100,5,1
50000,250,3,1
35000,100,3,1
50000,250,6,1
35000,100,5,1
35000,100,3,2
35000,100,3,2
35000,100,4,2
35000,100,5,2
35000,100,6,1
35000,100,4,2
50000,250,3,2
35000,100,4,2
50000,250,5,2
50000,250,6,2
35000,100,6,2
35000,100,5,1
35000,100,3,1
50000,250,5,2
50000,250,3,2
35000,100,5,2
50000,250,6,2
35000,100,4,1
50000,250,3,1